Timestamp,Data
0.01,0.3545787545787546
0.02,0.3465201465201465
0.03,0.3449084249084249
0.04,0.3473260073260073
0.05,0.34813186813186814
0.06,0.3602197802197802
0.07,0.3739194139194139
0.08,0.3908424908424908
0.09,0.4117948717948718
0.1,0.4351648351648352
0.11,0.4488644688644688
0.12,0.4762637362637362
0.13,0.5044688644688645
0.14,0.5310622710622711
0.15,0.5560439560439561
0.16,0.5906959706959707
0.17,0.6156776556776556
0.18,0.6438827838827839
0.19,0.6253479853479853
0.2,0.6269597069597069
0.21,0.6503296703296703
0.22,0.6527472527472526
0.23,0.6358241758241758
0.24,0.6583882783882784
0.25,0.6696703296703297
0.26,0.6672527472527472
0.27,0.6825641025641025
0.28,0.6978754578754578
0.29,0.697069597069597
0.3,0.7075457875457875
0.31,0.7131868131868132
0.32,0.713992673992674
0.33,0.7156043956043956
0.34,0.7293040293040293
0.35000000000000003,0.7236630036630036
0.36,0.726080586080586
0.37,0.7397802197802198
0.38,0.7462271062271062
0.39,0.747032967032967
0.4,0.7486446886446886
0.41000000000000003,0.7558974358974359
0.42,0.759120879120879
0.43,0.7599267399267399
0.44,0.763956043956044
0.45,0.7655677655677655
0.46,0.7728205128205128
0.47000000000000003,0.7736263736263735
0.48,0.7744322344322344
0.49,0.7784615384615384
0.5,0.7824908424908424
0.51,0.7857142857142856
0.52,0.7857142857142856
0.53,0.7857142857142856
0.54,0.788937728937729
0.55,0.7881318681318681
0.56,0.7961904761904761
0.5700000000000001,0.8002197802197801
0.58,0.7913553113553113
0.59,0.7978021978021977
0.6,0.8018315018315018
0.61,0.8106959706959707
0.62,0.7978021978021977
0.63,0.8042490842490841
0.64,0.8026373626373626
0.65,0.8058608058608058
0.66,0.8106959706959707
0.67,0.8171428571428572
0.68,0.8147252747252747
0.6900000000000001,0.8195604395604396
0.7000000000000001,0.8066666666666666
0.71,0.8139194139194139
0.72,0.8227838827838827
0.73,0.8195604395604396
0.74,0.8155311355311355
0.75,0.8203663003663003
0.76,0.8187545787545787
0.77,0.8195604395604396
0.78,0.8163369963369963
0.79,0.8284249084249083
0.8,0.8316483516483516
0.81,0.8284249084249083
0.8200000000000001,0.8187545787545787
0.8300000000000001,0.8018315018315018
0.84,0.8227838827838827
0.85,0.8243956043956043
0.86,0.826007326007326
0.87,0.8292307692307692
0.88,0.826007326007326
0.89,0.826007326007326
0.9,0.8235897435897436
0.91,0.8284249084249083
0.92,0.8276190476190476
0.93,0.8252014652014652
0.9400000000000001,0.8292307692307692
0.9500000000000001,0.83003663003663
0.96,0.8332600732600732
0.97,0.834065934065934
0.98,0.8243956043956043
0.99,0.8324542124542124
1.0,0.8268131868131867
1.01,0.8268131868131867
1.02,0.8372893772893772
1.03,0.83003663003663
1.04,0.8324542124542124
1.05,0.8316483516483516
1.06,0.8372893772893772
1.07,0.8372893772893772
1.08,0.8348717948717947
1.09,0.8356776556776556
1.1,0.8372893772893772
1.11,0.8348717948717947
1.12,0.83003663003663
1.1300000000000001,0.8292307692307692
1.1400000000000001,0.826007326007326
1.1500000000000001,0.8372893772893772
1.16,0.8332600732600732
1.17,0.8332600732600732
1.18,0.8372893772893772
1.19,0.8356776556776556
1.2,0.8372893772893772
1.21,0.8348717948717947
1.22,0.83003663003663
1.23,0.809084249084249
1.24,0.8356776556776556
1.25,0.834065934065934
1.26,0.8243956043956043
1.27,0.83003663003663
1.28,0.8356776556776556
1.29,0.8372893772893772
1.3,0.83003663003663
1.31,0.8372893772893772
1.32,0.8324542124542124
1.33,0.8332600732600732
1.34,0.8372893772893772
1.35,0.8348717948717947
1.36,0.8284249084249083
1.37,0.8372893772893772
1.3800000000000001,0.8372893772893772
1.3900000000000001,0.834065934065934
1.4000000000000001,0.8284249084249083
1.41,0.8348717948717947
1.42,0.83003663003663
1.43,0.8268131868131867
1.44,0.8292307692307692
1.45,0.8364835164835164
1.46,0.8348717948717947
1.47,0.8268131868131867
1.48,0.826007326007326
1.49,0.8332600732600732
1.5,0.8243956043956043
1.51,0.8203663003663003
1.52,0.8324542124542124
1.53,0.8252014652014652
1.54,0.834065934065934
1.55,0.8348717948717947
1.56,0.8364835164835164
1.57,0.8284249084249083
1.58,0.8243956043956043
1.59,0.834065934065934
1.6,0.8372893772893772
1.61,0.8316483516483516
1.62,0.83003663003663
1.6300000000000001,0.8316483516483516
1.6400000000000001,0.83003663003663
1.6500000000000001,0.8348717948717947
1.6600000000000001,0.8292307692307692
1.67,0.826007326007326
1.68,0.8372893772893772
1.69,0.83003663003663
1.7,0.8356776556776556
1.71,0.83003663003663
1.72,0.8356776556776556
1.73,0.8284249084249083
1.74,0.8235897435897436
1.75,0.8284249084249083
1.76,0.8324542124542124
1.77,0.8252014652014652
1.78,0.8324542124542124
1.79,0.8356776556776556
1.8,0.8324542124542124
1.81,0.8268131868131867
1.82,0.8292307692307692
1.83,0.83003663003663
1.84,0.8332600732600732
1.85,0.8252014652014652
1.86,0.83003663003663
1.87,0.8252014652014652
1.8800000000000001,0.8292307692307692
1.8900000000000001,0.83003663003663
1.9000000000000001,0.8284249084249083
1.9100000000000001,0.8235897435897436
1.92,0.8163369963369963
1.93,0.8332600732600732
1.94,0.8268131868131867
1.95,0.826007326007326
1.96,0.8235897435897436
1.97,0.8332600732600732
1.98,0.8316483516483516
1.99,0.8284249084249083
2.0,0.8284249084249083
2.0100000000000002,0.8243956043956043
2.02,0.8219780219780219
2.0300000000000002,0.8243956043956043
2.04,0.8211721611721612
2.05,0.83003663003663
2.06,0.8243956043956043
2.07,0.8187545787545787
2.08,0.8284249084249083
2.09,0.8243956043956043
2.1,0.8203663003663003
2.11,0.83003663003663
2.12,0.8284249084249083
2.13,0.8211721611721612
2.14,0.8316483516483516
2.15,0.8268131868131867
2.16,0.8219780219780219
2.17,0.8284249084249083
2.18,0.8268131868131867
2.19,0.8252014652014652
2.2,0.8227838827838827
2.21,0.8227838827838827
2.22,0.8203663003663003
2.23,0.8203663003663003
2.24,0.8171428571428572
2.25,0.8211721611721612
2.2600000000000002,0.8171428571428572
2.27,0.8268131868131867
2.2800000000000002,0.8187545787545787
2.29,0.8227838827838827
2.3000000000000003,0.8235897435897436
2.31,0.8203663003663003
2.32,0.83003663003663
2.33,0.8203663003663003
2.34,0.8235897435897436
2.35,0.8243956043956043
2.36,0.8252014652014652
2.37,0.8292307692307692
2.38,0.8155311355311355
2.39,0.8243956043956043
2.4,0.8195604395604396
2.41,0.8163369963369963
2.42,0.8243956043956043
2.43,0.8195604395604396
2.44,0.8252014652014652
2.45,0.8284249084249083
2.46,0.8123076923076923
2.47,0.8155311355311355
2.48,0.8195604395604396
2.49,0.8171428571428572
2.5,0.8227838827838827
2.5100000000000002,0.8252014652014652
2.52,0.8131135531135532
2.5300000000000002,0.8187545787545787
2.54,0.8219780219780219
2.5500000000000003,0.8243956043956043
2.56,0.8227838827838827
2.57,0.8203663003663003
2.58,0.8227838827838827
2.59,0.8163369963369963
2.6,0.8203663003663003
2.61,0.8163369963369963
2.62,0.8203663003663003
2.63,0.8195604395604396
2.64,0.8195604395604396
2.65,0.8155311355311355
2.66,0.8203663003663003
2.67,0.8219780219780219
2.68,0.8211721611721612
2.69,0.8139194139194139
2.7,0.8115018315018314
2.71,0.8123076923076923
2.72,0.8115018315018314
2.73,0.8106959706959707
2.74,0.8131135531135532
2.75,0.8211721611721612
2.7600000000000002,0.8115018315018314
2.77,0.8219780219780219
2.7800000000000002,0.8155311355311355
2.79,0.8187545787545787
2.8000000000000003,0.8139194139194139
2.81,0.8195604395604396
2.82,0.8074725274725274
2.83,0.8139194139194139
2.84,0.826007326007326
2.85,0.8163369963369963
2.86,0.8139194139194139
2.87,0.8115018315018314
2.88,0.8139194139194139
2.89,0.8139194139194139
2.9,0.8171428571428572
2.91,0.8171428571428572
2.92,0.8187545787545787
2.93,0.8155311355311355
2.94,0.8115018315018314
2.95,0.8171428571428572
2.96,0.8106959706959707
2.97,0.8139194139194139
2.98,0.8106959706959707
2.99,0.8203663003663003
3.0,0.8139194139194139
3.0100000000000002,0.8147252747252747
3.02,0.8115018315018314
3.0300000000000002,0.8106959706959707
3.04,0.8139194139194139
3.0500000000000003,0.8147252747252747
3.06,0.8123076923076923
3.0700000000000003,0.8115018315018314
3.08,0.8195604395604396
3.09,0.8155311355311355
3.1,0.8139194139194139
3.11,0.8195604395604396
3.12,0.8106959706959707
3.13,0.8106959706959707
3.14,0.8139194139194139
3.15,0.8115018315018314
3.16,0.8115018315018314
3.17,0.8131135531135532
3.18,0.8098901098901098
3.19,0.8115018315018314
3.2,0.8074725274725274
3.21,0.8123076923076923
3.22,0.8098901098901098
3.23,0.8115018315018314
3.24,0.8123076923076923
3.25,0.8115018315018314
3.2600000000000002,0.8106959706959707
3.27,0.792967032967033
3.2800000000000002,0.8115018315018314
3.29,0.826007326007326
3.3000000000000003,0.8131135531135532
3.31,0.8139194139194139
3.3200000000000003,0.8115018315018314
3.33,0.8074725274725274
3.34,0.8147252747252747
3.35,0.8098901098901098
3.36,0.8115018315018314
3.37,0.8123076923076923
3.38,0.8115018315018314
3.39,0.8106959706959707
3.4,0.8106959706959707
3.41,0.8115018315018314
3.42,0.8074725274725274
3.43,0.8115018315018314
3.44,0.8115018315018314
3.45,0.801025641025641
3.46,0.8115018315018314
3.47,0.8115018315018314
3.48,0.8058608058608058
3.49,0.8082783882783882
3.5,0.8074725274725274
3.5100000000000002,0.8163369963369963
3.52,0.8058608058608058
3.5300000000000002,0.8042490842490841
3.54,0.8115018315018314
3.5500000000000003,0.8131135531135532
3.56,0.8115018315018314
3.5700000000000003,0.8098901098901098
3.58,0.8106959706959707
3.59,0.8026373626373626
3.6,0.8082783882783882
3.61,0.8131135531135532
3.62,0.8115018315018314
3.63,0.8042490842490841
3.64,0.8115018315018314
3.65,0.8026373626373626
3.66,0.8018315018315018
3.67,0.8203663003663003
3.68,0.8115018315018314
3.69,0.8066666666666666
3.7,0.809084249084249
3.71,0.801025641025641
3.72,0.8066666666666666
3.73,0.8106959706959707
3.74,0.8066666666666666
3.75,0.8066666666666666
3.7600000000000002,0.8115018315018314
3.77,0.8115018315018314
3.7800000000000002,0.8115018315018314
3.79,0.8139194139194139
3.8000000000000003,0.8115018315018314
3.81,0.8115018315018314
3.8200000000000003,0.809084249084249
3.83,0.8042490842490841
3.84,0.8098901098901098
3.85,0.8131135531135532
3.86,0.7994139194139194
3.87,0.8098901098901098
3.88,0.8147252747252747
3.89,0.8115018315018314
3.9,0.809084249084249
3.91,0.809084249084249
3.92,0.8115018315018314
3.93,0.8115018315018314
3.94,0.8106959706959707
3.95,0.8058608058608058
3.96,0.8026373626373626
3.97,0.8066666666666666
3.98,0.8058608058608058
3.99,0.8034432234432234
4.0,0.8074725274725274
4.01,0.8098901098901098
4.0200000000000005,0.8115018315018314
4.03,0.8115018315018314
4.04,0.8115018315018314
4.05,0.8115018315018314
4.0600000000000005,0.8066666666666666
4.07,0.8066666666666666
4.08,0.8066666666666666
4.09,0.8115018315018314
4.1,0.8115018315018314
4.11,0.809084249084249
4.12,0.809084249084249
4.13,0.8123076923076923
4.14,0.8074725274725274
4.15,0.8098901098901098
4.16,0.8042490842490841
4.17,0.8123076923076923
4.18,0.809084249084249
4.19,0.8034432234432234
4.2,0.8058608058608058
4.21,0.809084249084249
4.22,0.8115018315018314
4.23,0.8098901098901098
4.24,0.809084249084249
4.25,0.8115018315018314
4.26,0.8074725274725274
4.2700000000000005,0.809084249084249
4.28,0.8042490842490841
4.29,0.8058608058608058
4.3,0.8115018315018314
4.3100000000000005,0.8066666666666666
4.32,0.8106959706959707
4.33,0.8098901098901098
4.34,0.8115018315018314
4.3500000000000005,0.8098901098901098
4.36,0.8066666666666666
4.37,0.8115018315018314
4.38,0.8115018315018314
4.39,0.8058608058608058
4.4,0.8115018315018314
4.41,0.8058608058608058
4.42,0.8042490842490841
4.43,0.8115018315018314
4.44,0.8179487179487179
4.45,0.8106959706959707
4.46,0.8123076923076923
4.47,0.8115018315018314
4.48,0.809084249084249
4.49,0.809084249084249
4.5,0.8115018315018314
4.51,0.809084249084249
4.5200000000000005,0.801025641025641
4.53,0.809084249084249
4.54,0.8098901098901098
4.55,0.8098901098901098
4.5600000000000005,0.8123076923076923
4.57,0.8106959706959707
4.58,0.8139194139194139
4.59,0.8115018315018314
4.6000000000000005,0.8058608058608058
4.61,0.8115018315018314
4.62,0.8074725274725274
4.63,0.8074725274725274
4.64,0.809084249084249
4.65,0.8042490842490841
4.66,0.8042490842490841
4.67,0.8098901098901098
4.68,0.8115018315018314
4.69,0.8058608058608058
4.7,0.8139194139194139
4.71,0.8082783882783882
4.72,0.8115018315018314
4.73,0.8098901098901098
4.74,0.8115018315018314
4.75,0.7994139194139194
4.76,0.8123076923076923
4.7700000000000005,0.809084249084249
4.78,0.8115018315018314
4.79,0.8074725274725274
4.8,0.7978021978021977
4.8100000000000005,0.7986080586080586
4.82,0.8115018315018314
4.83,0.8115018315018314
4.84,0.8115018315018314
4.8500000000000005,0.8098901098901098
4.86,0.8171428571428572
4.87,0.8123076923076923
4.88,0.8058608058608058
4.89,0.809084249084249
4.9,0.8106959706959707
4.91,0.8042490842490841
4.92,0.8098901098901098
4.93,0.7937728937728937
4.94,0.8066666666666666
4.95,0.8074725274725274
4.96,0.8115018315018314
4.97,0.801025641025641
4.98,0.8098901098901098
4.99,0.8074725274725274
5.0,0.8106959706959707
5.01,0.8106959706959707
5.0200000000000005,0.8066666666666666
5.03,0.8106959706959707
5.04,0.7994139194139194
5.05,0.8139194139194139
5.0600000000000005,0.8187545787545787
5.07,0.8115018315018314
5.08,0.8058608058608058
5.09,0.8372893772893772
5.1000000000000005,0.8002197802197801
5.11,0.7784615384615384
5.12,0.8115018315018314
5.13,0.8098901098901098
5.14,0.809084249084249
5.15,0.8018315018315018
5.16,0.8026373626373626
5.17,0.809084249084249
5.18,0.8042490842490841
5.19,0.809084249084249
5.2,0.8123076923076923
5.21,0.8034432234432234
5.22,0.8082783882783882
5.23,0.8106959706959707
5.24,0.8034432234432234
5.25,0.8115018315018314
5.26,0.8106959706959707
5.2700000000000005,0.809084249084249
5.28,0.8098901098901098
5.29,0.8115018315018314
5.3,0.8106959706959707
5.3100000000000005,0.801025641025641
5.32,0.809084249084249
5.33,0.8115018315018314
5.34,0.8106959706959707
5.3500000000000005,0.8106959706959707
5.36,0.8098901098901098
5.37,0.8074725274725274
5.38,0.8115018315018314
5.39,0.8106959706959707
5.4,0.8034432234432234
5.41,0.8018315018315018
5.42,0.7994139194139194
5.43,0.8058608058608058
5.44,0.8066666666666666
5.45,0.8026373626373626
5.46,0.8074725274725274
5.47,0.8018315018315018
5.48,0.8034432234432234
5.49,0.809084249084249
5.5,0.8098901098901098
5.51,0.7953846153846154
5.5200000000000005,0.8026373626373626
5.53,0.809084249084249
5.54,0.8066666666666666
5.55,0.8042490842490841
5.5600000000000005,0.8074725274725274
5.57,0.7994139194139194
5.58,0.796996336996337
5.59,0.8106959706959707
5.6000000000000005,0.809084249084249
5.61,0.8042490842490841
5.62,0.8115018315018314
5.63,0.8026373626373626
5.64,0.805054945054945
5.65,0.8058608058608058
5.66,0.7978021978021977
5.67,0.8042490842490841
5.68,0.8042490842490841
5.69,0.809084249084249
5.7,0.8115018315018314
5.71,0.8106959706959707
5.72,0.8115018315018314
5.73,0.8042490842490841
5.74,0.809084249084249
5.75,0.8026373626373626
5.76,0.8034432234432234
5.7700000000000005,0.8058608058608058
5.78,0.8115018315018314
5.79,0.805054945054945
5.8,0.8018315018315018
5.8100000000000005,0.8098901098901098
5.82,0.809084249084249
5.83,0.7994139194139194
5.84,0.8042490842490841
5.8500000000000005,0.8066666666666666
5.86,0.8026373626373626
5.87,0.801025641025641
5.88,0.801025641025641
5.89,0.8098901098901098
5.9,0.8106959706959707
5.91,0.8106959706959707
5.92,0.8042490842490841
5.93,0.8066666666666666
5.94,0.8042490842490841
5.95,0.8106959706959707
5.96,0.809084249084249
5.97,0.8034432234432234
5.98,0.809084249084249
5.99,0.8106959706959707
6.0,0.8058608058608058
6.01,0.8074725274725274
6.0200000000000005,0.8066666666666666
6.03,0.8042490842490841
6.04,0.8042490842490841
6.05,0.8098901098901098
6.0600000000000005,0.8106959706959707
6.07,0.8042490842490841
6.08,0.8106959706959707
6.09,0.8115018315018314
6.1000000000000005,0.8066666666666666
6.11,0.8074725274725274
6.12,0.8042490842490841
6.13,0.8026373626373626
6.140000000000001,0.8066666666666666
6.15,0.8106959706959707
6.16,0.8018315018315018
6.17,0.8034432234432234
6.18,0.8074725274725274
6.19,0.809084249084249
6.2,0.7994139194139194
6.21,0.8106959706959707
6.22,0.809084249084249
6.23,0.8074725274725274
6.24,0.809084249084249
6.25,0.8026373626373626
6.26,0.8066666666666666
6.2700000000000005,0.809084249084249
6.28,0.8115018315018314
6.29,0.809084249084249
6.3,0.8115018315018314
6.3100000000000005,0.8115018315018314
6.32,0.8155311355311355
6.33,0.8066666666666666
6.34,0.7986080586080586
6.3500000000000005,0.8115018315018314
6.36,0.8026373626373626
6.37,0.8002197802197801
6.38,0.8034432234432234
6.390000000000001,0.809084249084249
6.4,0.8034432234432234
6.41,0.809084249084249
6.42,0.8042490842490841
6.43,0.8042490842490841
6.44,0.8106959706959707
6.45,0.8098901098901098
6.46,0.8123076923076923
6.47,0.8018315018315018
6.48,0.8115018315018314
6.49,0.8098901098901098
6.5,0.8042490842490841
6.51,0.7994139194139194
6.5200000000000005,0.8106959706959707
6.53,0.8002197802197801
6.54,0.8042490842490841
6.55,0.8058608058608058
6.5600000000000005,0.8123076923076923
6.57,0.8106959706959707
6.58,0.7994139194139194
6.59,0.8106959706959707
6.6000000000000005,0.8026373626373626
6.61,0.8034432234432234
6.62,0.8074725274725274
6.63,0.8026373626373626
6.640000000000001,0.8018315018315018
6.65,0.809084249084249
6.66,0.8098901098901098
6.67,0.8034432234432234
6.68,0.8074725274725274
6.69,0.8026373626373626
6.7,0.8227838827838827
6.71,0.8074725274725274
6.72,0.8098901098901098
6.73,0.7857142857142856
6.74,0.8058608058608058
6.75,0.8115018315018314
6.76,0.8058608058608058
6.7700000000000005,0.8066666666666666
6.78,0.8115018315018314
6.79,0.8115018315018314
6.8,0.8034432234432234
6.8100000000000005,0.8034432234432234
6.82,0.8123076923076923
6.83,0.8115018315018314
6.84,0.8115018315018314
6.8500000000000005,0.8026373626373626
6.86,0.809084249084249
6.87,0.8058608058608058
6.88,0.8098901098901098
6.890000000000001,0.8098901098901098
6.9,0.8066666666666666
6.91,0.8034432234432234
6.92,0.8058608058608058
6.93,0.8058608058608058
6.94,0.8042490842490841
6.95,0.8066666666666666
6.96,0.801025641025641
6.97,0.8074725274725274
6.98,0.8106959706959707
6.99,0.8002197802197801
7.0,0.8034432234432234
7.01,0.8098901098901098
7.0200000000000005,0.8034432234432234
7.03,0.8042490842490841
7.04,0.8034432234432234
7.05,0.8018315018315018
7.0600000000000005,0.8115018315018314
7.07,0.8042490842490841
7.08,0.8066666666666666
7.09,0.8066666666666666
7.1000000000000005,0.8115018315018314
7.11,0.8066666666666666
7.12,0.8123076923076923
7.13,0.7978021978021977
7.140000000000001,0.8002197802197801
7.15,0.8074725274725274
7.16,0.7961904761904761
7.17,0.8074725274725274
7.18,0.8115018315018314
7.19,0.8106959706959707
7.2,0.801025641025641
7.21,0.8042490842490841
7.22,0.8066666666666666
7.23,0.805054945054945
7.24,0.8058608058608058
7.25,0.809084249084249
7.26,0.8098901098901098
7.2700000000000005,0.8123076923076923
7.28,0.8042490842490841
7.29,0.805054945054945
7.3,0.8074725274725274
7.3100000000000005,0.8074725274725274
7.32,0.8066666666666666
7.33,0.809084249084249
7.34,0.8042490842490841
7.3500000000000005,0.8066666666666666
7.36,0.8115018315018314
7.37,0.8106959706959707
7.38,0.8187545787545787
7.390000000000001,0.8098901098901098
7.4,0.8058608058608058
7.41,0.8058608058608058
7.42,0.8098901098901098
7.43,0.8058608058608058
7.44,0.8106959706959707
7.45,0.8058608058608058
7.46,0.809084249084249
7.47,0.8058608058608058
7.48,0.809084249084249
7.49,0.8042490842490841
7.5,0.8074725274725274
7.51,0.809084249084249
7.5200000000000005,0.8066666666666666
7.53,0.8106959706959707
7.54,0.801025641025641
7.55,0.809084249084249
7.5600000000000005,0.801025641025641
7.57,0.8074725274725274
7.58,0.8058608058608058
7.59,0.8018315018315018
7.6000000000000005,0.8106959706959707
7.61,0.8139194139194139
7.62,0.8115018315018314
7.63,0.8115018315018314
7.640000000000001,0.8066666666666666
7.65,0.8106959706959707
7.66,0.8115018315018314
7.67,0.8106959706959707
7.68,0.8058608058608058
7.69,0.805054945054945
7.7,0.8123076923076923
7.71,0.8098901098901098
7.72,0.8074725274725274
7.73,0.8042490842490841
7.74,0.8058608058608058
7.75,0.8002197802197801
7.76,0.8058608058608058
7.7700000000000005,0.801025641025641
7.78,0.8074725274725274
7.79,0.8066666666666666
7.8,0.8034432234432234
7.8100000000000005,0.809084249084249
7.82,0.809084249084249
7.83,0.8115018315018314
7.84,0.8074725274725274
7.8500000000000005,0.8115018315018314
7.86,0.809084249084249
7.87,0.8034432234432234
7.88,0.8042490842490841
7.890000000000001,0.8115018315018314
7.9,0.8074725274725274
7.91,0.809084249084249
7.92,0.8268131868131867
7.930000000000001,0.8074725274725274
7.94,0.801025641025641
7.95,0.8026373626373626
7.96,0.809084249084249
7.97,0.8115018315018314
7.98,0.809084249084249
7.99,0.8106959706959707
8.0,0.8106959706959707
8.01,0.809084249084249
8.02,0.8115018315018314
8.03,0.8066666666666666
8.040000000000001,0.8131135531135532
8.05,0.809084249084249
8.06,0.7994139194139194
8.07,0.8115018315018314
8.08,0.7994139194139194
8.09,0.8115018315018314
8.1,0.8106959706959707
8.11,0.8066666666666666
8.120000000000001,0.8123076923076923
8.13,0.8082783882783882
8.14,0.8034432234432234
8.15,0.8115018315018314
8.16,0.8066666666666666
8.17,0.8115018315018314
8.18,0.8155311355311355
8.19,0.809084249084249
8.2,0.8115018315018314
8.21,0.8131135531135532
8.22,0.8074725274725274
8.23,0.8042490842490841
8.24,0.8131135531135532
8.25,0.8034432234432234
8.26,0.809084249084249
8.27,0.8115018315018314
8.28,0.809084249084249
8.290000000000001,0.8034432234432234
8.3,0.8115018315018314
8.31,0.8106959706959707
8.32,0.8115018315018314
8.33,0.8131135531135532
8.34,0.8115018315018314
8.35,0.8098901098901098
8.36,0.8115018315018314
8.370000000000001,0.8002197802197801
8.38,0.8139194139194139
8.39,0.8034432234432234
8.4,0.8058608058608058
8.41,0.8082783882783882
8.42,0.8066666666666666
8.43,0.8042490842490841
8.44,0.7994139194139194
8.45,0.8115018315018314
8.46,0.8098901098901098
8.47,0.809084249084249
8.48,0.8131135531135532
8.49,0.8115018315018314
8.5,0.8074725274725274
8.51,0.8026373626373626
8.52,0.8066666666666666
8.53,0.801025641025641
8.540000000000001,0.8066666666666666
8.55,0.8082783882783882
8.56,0.8066666666666666
8.57,0.809084249084249
8.58,0.8042490842490841
8.59,0.8058608058608058
8.6,0.8026373626373626
8.61,0.8066666666666666
8.620000000000001,0.8066666666666666
8.63,0.8058608058608058
8.64,0.8034432234432234
8.65,0.8066666666666666
8.66,0.8115018315018314
8.67,0.8026373626373626
8.68,0.8066666666666666
8.69,0.7961904761904761
8.700000000000001,0.8042490842490841
8.71,0.8098901098901098
8.72,0.8106959706959707
8.73,0.8115018315018314
8.74,0.8034432234432234
8.75,0.8115018315018314
8.76,0.8066666666666666
8.77,0.8131135531135532
8.78,0.8074725274725274
8.790000000000001,0.8018315018315018
8.8,0.8115018315018314
8.81,0.7994139194139194
8.82,0.809084249084249
8.83,0.8074725274725274
8.84,0.8026373626373626
8.85,0.7986080586080586
8.86,0.8074725274725274
8.870000000000001,0.8106959706959707
8.88,0.8106959706959707
8.89,0.8066666666666666
8.9,0.8115018315018314
8.91,0.8082783882783882
8.92,0.8115018315018314
8.93,0.8115018315018314
8.94,0.8098901098901098
8.950000000000001,0.8042490842490841
8.96,0.8058608058608058
8.97,0.8034432234432234
8.98,0.8115018315018314
8.99,0.8098901098901098
9.0,0.8123076923076923
9.01,0.8066666666666666
9.02,0.8042490842490841
9.03,0.8074725274725274
9.040000000000001,0.809084249084249
9.05,0.8074725274725274
9.06,0.8042490842490841
9.07,0.8123076923076923
9.08,0.8026373626373626
9.09,0.8115018315018314
9.1,0.809084249084249
9.11,0.8098901098901098
9.120000000000001,0.8066666666666666
9.13,0.8074725274725274
9.14,0.8115018315018314
9.15,0.8034432234432234
9.16,0.8026373626373626
9.17,0.8018315018315018
9.18,0.8034432234432234
9.19,0.8106959706959707
9.200000000000001,0.8131135531135532
9.21,0.8002197802197801
9.22,0.8098901098901098
9.23,0.8042490842490841
9.24,0.8098901098901098
9.25,0.805054945054945
9.26,0.809084249084249
9.27,0.8115018315018314
9.28,0.801025641025641
9.290000000000001,0.8066666666666666
9.3,0.8082783882783882
9.31,0.8098901098901098
9.32,0.8082783882783882
9.33,0.8106959706959707
9.34,0.8139194139194139
9.35,0.8026373626373626
9.36,0.801025641025641
9.370000000000001,0.8115018315018314
9.38,0.8058608058608058
9.39,0.8026373626373626
9.4,0.8131135531135532
9.41,0.7978021978021977
9.42,0.8058608058608058
9.43,0.8034432234432234
9.44,0.8066666666666666
9.450000000000001,0.8042490842490841
9.46,0.8034432234432234
9.47,0.8106959706959707
9.48,0.809084249084249
9.49,0.809084249084249
9.5,0.8115018315018314
9.51,0.8106959706959707
9.52,0.8115018315018314
9.53,0.809084249084249
9.540000000000001,0.8243956043956043
9.55,0.8123076923076923
9.56,0.8074725274725274
9.57,0.8123076923076923
9.58,0.8034432234432234
9.59,0.8026373626373626
9.6,0.8115018315018314
9.61,0.8074725274725274
9.620000000000001,0.7961904761904761
9.63,0.8066666666666666
9.64,0.8139194139194139
9.65,0.7961904761904761
9.66,0.8042490842490841
9.67,0.8098901098901098
9.68,0.801025641025641
9.69,0.8082783882783882
9.700000000000001,0.8074725274725274
9.71,0.8042490842490841
9.72,0.8042490842490841
9.73,0.8115018315018314
9.74,0.8042490842490841
9.75,0.8115018315018314
9.76,0.8026373626373626
9.77,0.8115018315018314
9.78,0.8115018315018314
9.790000000000001,0.8082783882783882
9.8,0.8115018315018314
9.81,0.8115018315018314
9.82,0.8058608058608058
9.83,0.8074725274725274
9.84,0.8026373626373626
9.85,0.8066666666666666
9.86,0.8074725274725274
9.870000000000001,0.8082783882783882
9.88,0.8082783882783882
9.89,0.8106959706959707
9.9,0.809084249084249
9.91,0.8074725274725274
9.92,0.8139194139194139
9.93,0.8082783882783882
9.94,0.8115018315018314
9.950000000000001,0.8106959706959707
9.96,0.8066666666666666
9.97,0.8074725274725274
9.98,0.8106959706959707
9.99,0.8034432234432234
10.0,0.8042490842490841
10.01,0.6825641025641025
10.02,0.4424175824175824
10.03,0.34813186813186814
10.040000000000001,0.4488644688644688
10.05,0.4512820512820513
10.06,0.42952380952380953
10.07,0.4117948717948718
10.08,0.3892307692307692
10.09,0.36827838827838827
10.1,0.3545787545787546
10.11,0.4287179487179487
10.120000000000001,0.4496703296703296
10.13,0.4254945054945055
10.14,0.39890109890109887
10.15,0.3843956043956044
10.16,0.42065934065934063
10.17,0.4545054945054945
10.18,0.43597069597069593
10.19,0.4085714285714286
10.200000000000001,0.39487179487179486
10.21,0.4464468864468864
10.22,0.4222710622710622
10.23,0.4013186813186813
10.24,0.3884249084249084
10.25,0.42468864468864465
10.26,0.4126007326007326
10.27,0.38681318681318677
10.28,0.38681318681318677
10.290000000000001,0.4214652014652014
10.3,0.4005128205128205
10.31,0.37875457875457874
10.32,0.3876190476190476
10.33,0.4013186813186813
10.34,0.3811721611721612
10.35,0.3723076923076923
10.36,0.3924542124542124
10.370000000000001,0.38278388278388276
10.38,0.3747252747252747
10.39,0.3843956043956044
10.4,0.39003663003663
10.41,0.37875457875457874
10.42,0.3642490842490842
10.43,0.38036630036630037
10.44,0.3763369963369963
10.450000000000001,0.3626373626373626
10.46,0.3602197802197802
10.47,0.3811721611721612
10.48,0.36666666666666664
10.49,0.356996336996337
10.5,0.3731135531135531
10.51,0.3731135531135531
10.52,0.3578021978021978
10.53,0.3618315018315018
10.540000000000001,0.3755311355311355
10.55,0.3602197802197802
10.56,0.3489377289377289
10.57,0.36666666666666664
10.58,0.3618315018315018
10.59,0.35216117216117215
10.6,0.3489377289377289
10.61,0.3706959706959707
10.620000000000001,0.3586080586080586
10.63,0.3473260073260073
10.64,0.3626373626373626
10.65,0.3626373626373626
10.66,0.3473260073260073
10.67,0.3465201465201465
10.68,0.3690842490842491
10.69,0.3553846153846154
10.700000000000001,0.3473260073260073
10.71,0.35216117216117215
10.72,0.36747252747252745
10.73,0.35135531135531134
10.74,0.3473260073260073
10.75,0.3594139194139194
10.76,0.3473260073260073
10.77,0.3473260073260073
10.78,0.3698901098901099
10.790000000000001,0.3594139194139194
10.8,0.3529670329670329
10.81,0.3529670329670329
10.82,0.3545787545787546
10.83,0.3578021978021978
10.84,0.3457142857142857
10.85,0.3465201465201465
10.86,0.356996336996337
10.870000000000001,0.3497435897435897
10.88,0.3432967032967033
10.89,0.3473260073260073
10.9,0.3553846153846154
10.91,0.3489377289377289
10.92,0.33684981684981685
10.93,0.3529670329670329
10.94,0.35216117216117215
10.950000000000001,0.34007326007326005
10.96,0.3489377289377289
10.97,0.3578021978021978
10.98,0.3473260073260073
10.99,0.3432967032967033
11.0,0.35216117216117215
11.01,0.3473260073260073
11.02,0.3457142857142857
11.03,0.3449084249084249
11.040000000000001,0.3529670329670329
11.05,0.3473260073260073
11.06,0.3432967032967033
11.07,0.3505494505494505
11.08,0.3473260073260073
11.09,0.3416849816849817
11.1,0.3432967032967033
11.11,0.34813186813186814
11.120000000000001,0.3473260073260073
11.13,0.3449084249084249
11.14,0.3497435897435897
11.15,0.3473260073260073
11.16,0.3384615384615384
11.17,0.3473260073260073
11.18,0.34007326007326005
11.19,0.3441025641025641
11.200000000000001,0.3473260073260073
11.21,0.356996336996337
11.22,0.3449084249084249
11.23,0.3457142857142857
11.24,0.3473260073260073
11.25,0.3457142857142857
11.26,0.3449084249084249
11.27,0.33926739926739924
11.28,0.3489377289377289
11.290000000000001,0.3449084249084249
11.3,0.3424908424908425
11.31,0.3489377289377289
11.32,0.3465201465201465
11.33,0.3376556776556776
11.34,0.3449084249084249
11.35,0.3473260073260073
11.36,0.3457142857142857
11.370000000000001,0.3457142857142857
11.38,0.3473260073260073
11.39,0.3449084249084249
11.4,0.33926739926739924
11.41,0.3449084249084249
11.42,0.3473260073260073
11.43,0.3432967032967033
11.44,0.3424908424908425
11.450000000000001,0.3384615384615384
11.46,0.3449084249084249
11.47,0.3424908424908425
11.48,0.3465201465201465
11.49,0.3457142857142857
11.5,0.3432967032967033
11.51,0.33926739926739924
11.52,0.34813186813186814
11.53,0.3457142857142857
11.540000000000001,0.3449084249084249
11.55,0.3473260073260073
11.56,0.3465201465201465
11.57,0.3457142857142857
11.58,0.33926739926739924
11.59,0.3489377289377289
11.6,0.3465201465201465
11.61,0.3432967032967033
11.620000000000001,0.3473260073260073
11.63,0.3473260073260073
11.64,0.3424908424908425
11.65,0.3432967032967033
11.66,0.3473260073260073
11.67,0.3449084249084249
11.68,0.3416849816849817
11.69,0.3465201465201465
11.700000000000001,0.3465201465201465
11.71,0.3432967032967033
11.72,0.3432967032967033
11.73,0.3473260073260073
11.74,0.3441025641025641
11.75,0.3384615384615384
11.76,0.3473260073260073
11.77,0.34813186813186814
11.78,0.3457142857142857
11.790000000000001,0.3473260073260073
11.8,0.3529670329670329
11.81,0.3465201465201465
11.82,0.3416849816849817
11.83,0.3473260073260073
11.84,0.3473260073260073
11.85,0.33926739926739924
11.86,0.34007326007326005
11.870000000000001,0.35216117216117215
11.88,0.3449084249084249
11.89,0.3432967032967033
11.9,0.3473260073260073
11.91,0.34813186813186814
11.92,0.3432967032967033
11.93,0.3449084249084249
11.94,0.3545787545787546
11.950000000000001,0.3449084249084249
11.96,0.3457142857142857
11.97,0.3553846153846154
11.98,0.34813186813186814
11.99,0.3432967032967033
12.0,0.3449084249084249
12.01,0.3473260073260073
12.02,0.34813186813186814
12.030000000000001,0.3384615384615384
12.040000000000001,0.3473260073260073
12.05,0.3465201465201465
12.06,0.3473260073260073
12.07,0.3432967032967033
12.08,0.3529670329670329
12.09,0.3457142857142857
12.1,0.3441025641025641
12.11,0.3473260073260073
12.120000000000001,0.3473260073260073
12.13,0.3465201465201465
12.14,0.3457142857142857
12.15,0.3473260073260073
12.16,0.3465201465201465
12.17,0.3473260073260073
12.18,0.3497435897435897
12.19,0.3473260073260073
12.200000000000001,0.3457142857142857
12.21,0.3457142857142857
12.22,0.3473260073260073
12.23,0.3465201465201465
12.24,0.34007326007326005
12.25,0.3489377289377289
12.26,0.3473260073260073
12.27,0.3432967032967033
12.280000000000001,0.34087912087912087
12.290000000000001,0.3473260073260073
12.3,0.3473260073260073
12.31,0.3424908424908425
12.32,0.3473260073260073
12.33,0.35216117216117215
12.34,0.3457142857142857
12.35,0.3416849816849817
12.36,0.3473260073260073
12.370000000000001,0.3465201465201465
12.38,0.3432967032967033
12.39,0.3489377289377289
12.4,0.3473260073260073
12.41,0.3424908424908425
12.42,0.3473260073260073
12.43,0.32476190476190475
12.44,0.3449084249084249
12.450000000000001,0.3441025641025641
12.46,0.34813186813186814
12.47,0.3449084249084249
12.48,0.3424908424908425
12.49,0.3432967032967033
12.5,0.3497435897435897
12.51,0.3457142857142857
12.52,0.3424908424908425
12.530000000000001,0.3529670329670329
12.540000000000001,0.3473260073260073
12.55,0.3441025641025641
12.56,0.3473260073260073
12.57,0.35216117216117215
12.58,0.3449084249084249
12.59,0.3449084249084249
12.6,0.35216117216117215
12.61,0.3497435897435897
12.620000000000001,0.3432967032967033
12.63,0.3473260073260073
12.64,0.34813186813186814
12.65,0.3473260073260073
12.66,0.3441025641025641
12.67,0.3497435897435897
12.68,0.3416849816849817
12.69,0.3465201465201465
12.700000000000001,0.3505494505494505
12.71,0.3497435897435897
12.72,0.34007326007326005
12.73,0.3449084249084249
12.74,0.3489377289377289
12.75,0.3441025641025641
12.76,0.3432967032967033
12.77,0.3473260073260073
12.780000000000001,0.3473260073260073
12.790000000000001,0.3424908424908425
12.8,0.3473260073260073
12.81,0.3473260073260073
12.82,0.3352380952380952
12.83,0.3449084249084249
12.84,0.34813186813186814
12.85,0.3473260073260073
12.86,0.3441025641025641
12.870000000000001,0.3489377289377289
12.88,0.3441025641025641
12.89,0.3465201465201465
12.9,0.3432967032967033
12.91,0.3473260073260073
12.92,0.3424908424908425
12.93,0.34007326007326005
12.94,0.34813186813186814
12.950000000000001,0.3473260073260073
12.96,0.3432967032967033
12.97,0.3424908424908425
12.98,0.34813186813186814
12.99,0.3449084249084249
13.0,0.3424908424908425
13.01,0.3473260073260073
13.02,0.34813186813186814
13.030000000000001,0.3432967032967033
13.040000000000001,0.3457142857142857
13.05,0.3545787545787546
13.06,0.3441025641025641
13.07,0.34007326007326005
13.08,0.3497435897435897
13.09,0.3473260073260073
13.1,0.3457142857142857
13.11,0.3424908424908425
13.120000000000001,0.35135531135531134
13.13,0.3473260073260073
13.14,0.3449084249084249
13.15,0.35135531135531134
13.16,0.35216117216117215
13.17,0.34007326007326005
13.18,0.3457142857142857
13.19,0.35135531135531134
13.200000000000001,0.3465201465201465
13.21,0.3416849816849817
13.22,0.3473260073260073
13.23,0.3489377289377289
13.24,0.3424908424908425
13.25,0.3441025641025641
13.26,0.35619047619047617
13.27,0.3473260073260073
13.280000000000001,0.3441025641025641
13.290000000000001,0.356996336996337
13.3,0.3473260073260073
13.31,0.3457142857142857
13.32,0.34813186813186814
13.33,0.3529670329670329
13.34,0.3473260073260073
13.35,0.3432967032967033
13.36,0.356996336996337
13.370000000000001,0.3457142857142857
13.38,0.3432967032967033
13.39,0.34813186813186814
13.4,0.35135531135531134
13.41,0.3441025641025641
13.42,0.3457142857142857
13.43,0.3553846153846154
13.44,0.3465201465201465
13.450000000000001,0.3441025641025641
13.46,0.3497435897435897
13.47,0.35216117216117215
13.48,0.3457142857142857
13.49,0.3465201465201465
13.5,0.356996336996337
13.51,0.3449084249084249
13.52,0.3457142857142857
13.530000000000001,0.35135531135531134
13.540000000000001,0.3449084249084249
13.55,0.3424908424908425
13.56,0.3473260073260073
13.57,0.35216117216117215
13.58,0.3465201465201465
13.59,0.3449084249084249
13.6,0.35216117216117215
13.61,0.3489377289377289
13.620000000000001,0.3465201465201465
13.63,0.3473260073260073
13.64,0.3505494505494505
13.65,0.32153846153846155
13.66,0.3449084249084249
13.67,0.37150183150183147
13.68,0.3473260073260073
13.69,0.3432967032967033
13.700000000000001,0.3473260073260073
13.71,0.34813186813186814
13.72,0.3465201465201465
13.73,0.3441025641025641
13.74,0.35135531135531134
13.75,0.34813186813186814
13.76,0.3449084249084249
13.77,0.3473260073260073
13.780000000000001,0.34813186813186814
13.790000000000001,0.3465201465201465
13.8,0.3473260073260073
13.81,0.35216117216117215
13.82,0.3473260073260073
13.83,0.3432967032967033
13.84,0.3473260073260073
13.85,0.3473260073260073
13.86,0.3465201465201465
13.870000000000001,0.3473260073260073
13.88,0.3489377289377289
13.89,0.3441025641025641
13.9,0.3449084249084249
13.91,0.3497435897435897
13.92,0.3473260073260073
13.93,0.3432967032967033
13.94,0.3424908424908425
13.950000000000001,0.3505494505494505
13.96,0.34813186813186814
13.97,0.3424908424908425
13.98,0.3489377289377289
13.99,0.35135531135531134
14.0,0.3384615384615384
14.01,0.3449084249084249
14.02,0.3529670329670329
14.030000000000001,0.3489377289377289
14.040000000000001,0.3457142857142857
14.05,0.3473260073260073
14.06,0.3489377289377289
14.07,0.33684981684981685
14.08,0.3473260073260073
14.09,0.35135531135531134
14.1,0.3473260073260073
14.11,0.34007326007326005
14.120000000000001,0.3529670329670329
14.13,0.3473260073260073
14.14,0.3465201465201465
14.15,0.3465201465201465
14.16,0.35135531135531134
14.17,0.3465201465201465
14.18,0.3432967032967033
14.19,0.3505494505494505
14.200000000000001,0.3473260073260073
14.21,0.3465201465201465
14.22,0.3449084249084249
14.23,0.3553846153846154
14.24,0.3457142857142857
14.25,0.3432967032967033
14.26,0.3473260073260073
14.27,0.35216117216117215
14.280000000000001,0.34007326007326005
14.290000000000001,0.3457142857142857
14.3,0.34813186813186814
14.31,0.3473260073260073
14.32,0.3441025641025641
14.33,0.3537728937728937
14.34,0.3473260073260073
14.35,0.3449084249084249
14.36,0.3473260073260073
14.370000000000001,0.34813186813186814
14.38,0.3449084249084249
14.39,0.3424908424908425
14.4,0.34813186813186814
14.41,0.3457142857142857
14.42,0.3473260073260073
14.43,0.3489377289377289
14.44,0.3545787545787546
14.450000000000001,0.3432967032967033
14.46,0.3432967032967033
14.47,0.3497435897435897
14.48,0.3473260073260073
14.49,0.3432967032967033
14.5,0.34813186813186814
14.51,0.34813186813186814
14.52,0.3449084249084249
14.530000000000001,0.3457142857142857
14.540000000000001,0.3505494505494505
14.55,0.3473260073260073
14.56,0.3457142857142857
14.57,0.3497435897435897
14.58,0.3473260073260073
14.59,0.3449084249084249
14.6,0.3441025641025641
14.61,0.3505494505494505
14.620000000000001,0.3457142857142857
14.63,0.3457142857142857
14.64,0.35135531135531134
14.65,0.3473260073260073
14.66,0.3432967032967033
14.67,0.3457142857142857
14.68,0.34813186813186814
14.69,0.3465201465201465
14.700000000000001,0.3432967032967033
14.71,0.356996336996337
14.72,0.3457142857142857
14.73,0.3424908424908425
14.74,0.3457142857142857
14.75,0.34813186813186814
14.76,0.3441025641025641
14.77,0.3457142857142857
14.780000000000001,0.34813186813186814
14.790000000000001,0.3432967032967033
14.8,0.33926739926739924
14.81,0.34813186813186814
14.82,0.3497435897435897
14.83,0.3473260073260073
14.84,0.3465201465201465
14.85,0.3529670329670329
14.86,0.3432967032967033
14.870000000000001,0.3416849816849817
14.88,0.3473260073260073
14.89,0.3473260073260073
14.9,0.3473260073260073
14.91,0.3449084249084249
14.92,0.35135531135531134
14.93,0.34007326007326005
14.94,0.3432967032967033
14.950000000000001,0.35135531135531134
14.96,0.3473260073260073
14.97,0.3449084249084249
14.98,0.3432967032967033
14.99,0.3529670329670329
15.0,0.3441025641025641
15.01,0.3441025641025641
15.02,0.3497435897435897
15.030000000000001,0.3473260073260073
15.040000000000001,0.3432967032967033
15.05,0.3473260073260073
15.06,0.3497435897435897
15.07,0.3473260073260073
15.08,0.3457142857142857
15.09,0.3497435897435897
15.1,0.3457142857142857
15.11,0.3432967032967033
15.120000000000001,0.3473260073260073
15.13,0.3473260073260073
15.14,0.3465201465201465
15.15,0.3432967032967033
15.16,0.35135531135531134
15.17,0.3457142857142857
15.18,0.33926739926739924
15.19,0.3473260073260073
15.200000000000001,0.3473260073260073
15.21,0.3424908424908425
15.22,0.3449084249084249
15.23,0.3505494505494505
15.24,0.3457142857142857
15.25,0.3449084249084249
15.26,0.36827838827838827
15.27,0.3457142857142857
15.280000000000001,0.3441025641025641
15.290000000000001,0.3473260073260073
15.3,0.3473260073260073
15.31,0.3416849816849817
15.32,0.3473260073260073
15.33,0.3489377289377289
15.34,0.3457142857142857
15.35,0.3457142857142857
15.36,0.3473260073260073
15.370000000000001,0.3473260073260073
15.38,0.3449084249084249
15.39,0.34007326007326005
15.4,0.3489377289377289
15.41,0.3473260073260073
15.42,0.3441025641025641
15.43,0.3465201465201465
15.44,0.3465201465201465
15.450000000000001,0.3473260073260073
15.46,0.3457142857142857
15.47,0.3473260073260073
15.48,0.3449084249084249
15.49,0.3424908424908425
15.5,0.3473260073260073
15.51,0.3465201465201465
15.52,0.3416849816849817
15.530000000000001,0.3432967032967033
15.540000000000001,0.34813186813186814
15.55,0.3465201465201465
15.56,0.3449084249084249
15.57,0.3473260073260073
15.58,0.3473260073260073
15.59,0.3441025641025641
15.6,0.3473260073260073
15.610000000000001,0.3473260073260073
15.620000000000001,0.3457142857142857
15.63,0.3416849816849817
15.64,0.35135531135531134
15.65,0.34007326007326005
15.66,0.3441025641025641
15.67,0.34813186813186814
15.68,0.3618315018315018
15.69,0.35619047619047617
15.700000000000001,0.3424908424908425
15.71,0.3529670329670329
15.72,0.3424908424908425
15.73,0.3457142857142857
15.74,0.3529670329670329
15.75,0.3489377289377289
15.76,0.3441025641025641
15.77,0.33926739926739924
15.780000000000001,0.3497435897435897
15.790000000000001,0.3449084249084249
15.8,0.3432967032967033
15.81,0.3473260073260073
15.82,0.3424908424908425
15.83,0.3432967032967033
15.84,0.3424908424908425
15.85,0.3529670329670329
15.860000000000001,0.3432967032967033
15.870000000000001,0.3432967032967033
15.88,0.35135531135531134
15.89,0.3449084249084249
15.9,0.3449084249084249
15.91,0.34007326007326005
15.92,0.3489377289377289
15.93,0.3473260073260073
15.94,0.3432967032967033
15.950000000000001,0.3497435897435897
15.96,0.34813186813186814
15.97,0.3465201465201465
15.98,0.34813186813186814
15.99,0.3473260073260073
16.0,0.34007326007326005
16.01,0.3432967032967033
16.02,0.34813186813186814
16.03,0.3473260073260073
16.04,0.3473260073260073
16.05,0.3473260073260073
16.06,0.3416849816849817
16.07,0.3457142857142857
16.080000000000002,0.35619047619047617
16.09,0.3473260073260073
16.1,0.3465201465201465
16.11,0.3384615384615384
16.12,0.3529670329670329
16.13,0.3465201465201465
16.14,0.3449084249084249
16.15,0.3497435897435897
16.16,0.3473260073260073
16.17,0.3457142857142857
16.18,0.34007326007326005
16.19,0.3473260073260073
16.2,0.3473260073260073
16.21,0.3473260073260073
16.22,0.3489377289377289
16.23,0.34813186813186814
16.240000000000002,0.3432967032967033
16.25,0.3424908424908425
16.26,0.34813186813186814
16.27,0.3457142857142857
16.28,0.3441025641025641
16.29,0.3473260073260073
16.3,0.3473260073260073
16.31,0.3449084249084249
16.32,0.3457142857142857
16.330000000000002,0.3473260073260073
16.34,0.3457142857142857
16.35,0.3424908424908425
16.36,0.35135531135531134
16.37,0.3473260073260073
16.38,0.3449084249084249
16.39,0.3465201465201465
16.4,0.3473260073260073
16.41,0.3465201465201465
16.42,0.3424908424908425
16.43,0.3473260073260073
16.44,0.3473260073260073
16.45,0.3424908424908425
16.46,0.3465201465201465
16.47,0.34813186813186814
16.48,0.3473260073260073
16.490000000000002,0.3441025641025641
16.5,0.3529670329670329
16.51,0.3473260073260073
16.52,0.3449084249084249
16.53,0.3441025641025641
16.54,0.3457142857142857
16.55,0.3449084249084249
16.56,0.33926739926739924
16.57,0.3473260073260073
16.580000000000002,0.3473260073260073
16.59,0.3449084249084249
16.6,0.3497435897435897
16.61,0.3465201465201465
16.62,0.3416849816849817
16.63,0.3449084249084249
16.64,0.34813186813186814
16.65,0.34813186813186814
16.66,0.3449084249084249
16.67,0.3497435897435897
16.68,0.3497435897435897
16.69,0.3424908424908425
16.7,0.3473260073260073
16.71,0.3497435897435897
16.72,0.3432967032967033
16.73,0.3432967032967033
16.740000000000002,0.3497435897435897
16.75,0.3489377289377289
16.76,0.3432967032967033
16.77,0.3473260073260073
16.78,0.3473260073260073
16.79,0.3465201465201465
16.8,0.3457142857142857
16.81,0.3473260073260073
16.82,0.3465201465201465
16.830000000000002,0.3449084249084249
16.84,0.3449084249084249
16.85,0.3497435897435897
16.86,0.3424908424908425
16.87,0.3449084249084249
16.88,0.3578021978021978
16.89,0.3473260073260073
16.9,0.3344322344322344
16.91,0.3473260073260073
16.92,0.3473260073260073
16.93,0.3352380952380952
16.94,0.3473260073260073
16.95,0.3489377289377289
16.96,0.3473260073260073
16.97,0.3497435897435897
16.98,0.34813186813186814
16.990000000000002,0.3473260073260073
17.0,0.33926739926739924
17.01,0.3465201465201465
17.02,0.3473260073260073
17.03,0.3449084249084249
17.04,0.3457142857142857
17.05,0.3489377289377289
17.06,0.3424908424908425
17.07,0.34007326007326005
17.080000000000002,0.3489377289377289
17.09,0.3465201465201465
17.1,0.3432967032967033
17.11,0.3473260073260073
17.12,0.3473260073260073
17.13,0.34087912087912087
17.14,0.3449084249084249
17.150000000000002,0.3489377289377289
17.16,0.3449084249084249
17.17,0.33926739926739924
17.18,0.3497435897435897
17.19,0.3465201465201465
17.2,0.3449084249084249
17.21,0.34813186813186814
17.22,0.3473260073260073
17.23,0.3432967032967033
17.240000000000002,0.3424908424908425
17.25,0.3497435897435897
17.26,0.3457142857142857
17.27,0.3449084249084249
17.28,0.3473260073260073
17.29,0.34813186813186814
17.3,0.3473260073260073
17.31,0.3457142857142857
17.32,0.3465201465201465
17.330000000000002,0.3537728937728937
17.34,0.3432967032967033
17.35,0.3473260073260073
17.36,0.3473260073260073
17.37,0.3424908424908425
17.38,0.3424908424908425
17.39,0.3473260073260073
17.400000000000002,0.3473260073260073
17.41,0.34007326007326005
17.42,0.3473260073260073
17.43,0.3473260073260073
17.44,0.3432967032967033
17.45,0.3432967032967033
17.46,0.3473260073260073
17.47,0.3432967032967033
17.48,0.3424908424908425
17.490000000000002,0.3473260073260073
17.5,0.3505494505494505
17.51,0.34007326007326005
17.52,0.3473260073260073
17.53,0.34813186813186814
17.54,0.3465201465201465
17.55,0.3432967032967033
17.56,0.3497435897435897
17.57,0.3497435897435897
17.580000000000002,0.3416849816849817
17.59,0.3441025641025641
17.6,0.3602197802197802
17.61,0.3449084249084249
17.62,0.3441025641025641
17.63,0.3489377289377289
17.64,0.34813186813186814
17.650000000000002,0.3424908424908425
17.66,0.3473260073260073
17.67,0.35135531135531134
17.68,0.3473260073260073
17.69,0.3432967032967033
17.7,0.3626373626373626
17.71,0.35216117216117215
17.72,0.34007326007326005
17.73,0.3449084249084249
17.740000000000002,0.35216117216117215
17.75,0.3618315018315018
17.76,0.3441025641025641
17.77,0.3529670329670329
17.78,0.3441025641025641
17.79,0.3449084249084249
17.8,0.35135531135531134
17.81,0.34813186813186814
17.82,0.3449084249084249
17.830000000000002,0.3416849816849817
17.84,0.3473260073260073
17.85,0.3473260073260073
17.86,0.3473260073260073
17.87,0.3489377289377289
17.88,0.3473260073260073
17.89,0.3416849816849817
17.900000000000002,0.3432967032967033
17.91,0.35216117216117215
17.92,0.33604395604395604
17.93,0.3449084249084249
17.94,0.3529670329670329
17.95,0.3465201465201465
17.96,0.3449084249084249
17.97,0.3457142857142857
17.98,0.34813186813186814
17.990000000000002,0.3465201465201465
18.0,0.3424908424908425
18.01,0.3489377289377289
18.02,0.3465201465201465
18.03,0.3424908424908425
18.04,0.3465201465201465
18.05,0.35135531135531134
18.06,0.3473260073260073
18.07,0.34007326007326005
18.080000000000002,0.3473260073260073
18.09,0.3473260073260073
18.1,0.3465201465201465
18.11,0.3441025641025641
18.12,0.3626373626373626
18.13,0.35135531135531134
18.14,0.3449084249084249
18.150000000000002,0.3473260073260073
18.16,0.3473260073260073
18.17,0.3449084249084249
18.18,0.3473260073260073
18.19,0.3497435897435897
18.2,0.3465201465201465
18.21,0.3465201465201465
18.22,0.35619047619047617
18.23,0.3537728937728937
18.240000000000002,0.3457142857142857
18.25,0.3473260073260073
18.26,0.3497435897435897
18.27,0.34813186813186814
18.28,0.3416849816849817
18.29,0.3537728937728937
18.3,0.3473260073260073
18.31,0.3465201465201465
18.32,0.34813186813186814
18.330000000000002,0.3489377289377289
18.34,0.3432967032967033
18.35,0.3457142857142857
18.36,0.3578021978021978
18.37,0.3465201465201465
18.38,0.3473260073260073
18.39,0.34813186813186814
18.400000000000002,0.3473260073260073
18.41,0.3376556776556776
18.42,0.3473260073260073
18.43,0.35216117216117215
18.44,0.3457142857142857
18.45,0.33926739926739924
18.46,0.3473260073260073
18.47,0.3473260073260073
18.48,0.3441025641025641
18.490000000000002,0.3473260073260073
18.5,0.3473260073260073
18.51,0.3457142857142857
18.52,0.34007326007326005
18.53,0.3553846153846154
18.54,0.3441025641025641
18.55,0.3416849816849817
18.56,0.35216117216117215
18.57,0.3441025641025641
18.580000000000002,0.3432967032967033
18.59,0.34813186813186814
18.6,0.3473260073260073
18.61,0.3424908424908425
18.62,0.3457142857142857
18.63,0.3473260073260073
18.64,0.3432967032967033
18.650000000000002,0.3424908424908425
18.66,0.3497435897435897
18.67,0.3465201465201465
18.68,0.34087912087912087
18.69,0.3449084249084249
18.7,0.3497435897435897
18.71,0.3424908424908425
18.72,0.3432967032967033
18.73,0.3489377289377289
18.740000000000002,0.3457142857142857
18.75,0.33926739926739924
18.76,0.3465201465201465
18.77,0.3505494505494505
18.78,0.3457142857142857
18.79,0.3457142857142857
18.8,0.35216117216117215
18.81,0.3473260073260073
18.82,0.3352380952380952
18.830000000000002,0.3473260073260073
18.84,0.3497435897435897
18.85,0.3376556776556776
18.86,0.3457142857142857
18.87,0.3529670329670329
18.88,0.3473260073260073
18.89,0.3432967032967033
18.900000000000002,0.3465201465201465
18.91,0.3473260073260073
18.92,0.3424908424908425
18.93,0.3465201465201465
18.94,0.3424908424908425
18.95,0.3384615384615384
18.96,0.34087912087912087
18.97,0.35619047619047617
18.98,0.34813186813186814
18.990000000000002,0.3424908424908425
19.0,0.3432967032967033
19.01,0.3497435897435897
19.02,0.3424908424908425
19.03,0.3449084249084249
19.04,0.34813186813186814
19.05,0.3473260073260073
19.06,0.3449084249084249
19.07,0.3473260073260073
19.080000000000002,0.3473260073260073
19.09,0.34813186813186814
19.1,0.34007326007326005
19.11,0.3505494505494505
19.12,0.3465201465201465
19.13,0.33926739926739924
19.14,0.3457142857142857
19.150000000000002,0.3473260073260073
19.16,0.3424908424908425
19.17,0.34087912087912087
19.18,0.34813186813186814
19.19,0.3497435897435897
19.2,0.3457142857142857
19.21,0.34813186813186814
19.22,0.3489377289377289
19.23,0.3424908424908425
19.240000000000002,0.3441025641025641
19.25,0.35216117216117215
19.26,0.3473260073260073
19.27,0.3432967032967033
19.28,0.3473260073260073
19.29,0.34813186813186814
19.3,0.34087912087912087
19.31,0.3424908424908425
19.32,0.3497435897435897
19.330000000000002,0.3432967032967033
19.34,0.3432967032967033
19.35,0.3497435897435897
19.36,0.3449084249084249
19.37,0.33684981684981685
19.38,0.3473260073260073
19.39,0.3497435897435897
19.400000000000002,0.3457142857142857
19.41,0.34007326007326005
19.42,0.3529670329670329
19.43,0.3465201465201465
19.44,0.3449084249084249
19.45,0.3473260073260073
19.46,0.3473260073260073
19.47,0.3441025641025641
19.48,0.3416849816849817
19.490000000000002,0.3529670329670329
19.5,0.3465201465201465
19.51,0.33926739926739924
19.52,0.34813186813186814
19.53,0.3473260073260073
19.54,0.33684981684981685
19.55,0.3457142857142857
19.56,0.3497435897435897
19.57,0.3424908424908425
19.580000000000002,0.3424908424908425
19.59,0.34813186813186814
19.6,0.3465201465201465
19.61,0.3441025641025641
19.62,0.3505494505494505
19.63,0.34813186813186814
19.64,0.3465201465201465
19.650000000000002,0.3441025641025641
19.66,0.3529670329670329
19.67,0.3465201465201465
19.68,0.3449084249084249
19.69,0.34813186813186814
19.7,0.3449084249084249
19.71,0.3449084249084249
19.72,0.3424908424908425
19.73,0.35135531135531134
19.740000000000002,0.3457142857142857
19.75,0.3441025641025641
19.76,0.34813186813186814
19.77,0.3473260073260073
19.78,0.3449084249084249
19.79,0.3473260073260073
19.8,0.3473260073260073
19.81,0.3424908424908425
19.82,0.3432967032967033
19.830000000000002,0.3497435897435897
19.84,0.3473260073260073
19.85,0.3441025641025641
19.86,0.3465201465201465
19.87,0.3473260073260073
19.88,0.3449084249084249
19.89,0.3465201465201465
19.900000000000002,0.3529670329670329
19.91,0.3457142857142857
19.92,0.3441025641025641
19.93,0.3473260073260073
19.94,0.34813186813186814
19.95,0.3473260073260073
19.96,0.3424908424908425
19.97,0.3473260073260073
19.98,0.3424908424908425
19.990000000000002,0.3424908424908425
20.0,0.3473260073260073
